44.480000,8.860000,15.780000,21.400000,18.799999,16.980000,31.139999,18.459999,107.399994,45.779999,23.740000,34.899998,136.860001,157.059998,57.919998,99.979996,100.519997,89.699997,73.659996,59.039997,59.139999,33.559998,32.980000,39.639999,32.180000,28.500000,26.599998,21.100000,20.139999,19.480000,19.480000,16.180000,14.020000,13.540000,15.780000,21.400000,22.600000,15.780000,16.980000,16.580000,15.780000,17.719999,19.820000,21.100000,32.180000,41.259998,36.380001,26.099998,24.279999,25.340000,27.799999,27.559999,28.959999,32.579998,28.260000,29.619999,27.799999,24.820000,23.740000,26.340000,21.719999,22.879999,20.779999,18.100000,15.339999,14.480000,16.580000,16.980000,15.780000,15.339999,13.540000,12.540000,11.440000,10.860000,12.000000,10.860000,10.219999,12.000000,5.100000,5.100000,5.100000,6.260000,5.100000,7.240000,9.559999,8.080000,10.219999,8.860000,6.260000,6.260000,3.620000,3.620000,6.260000,5.100000,0.000000,0.000000,3.620000,3.620000,3.620000,3.620000,3.620000,5.100000,6.260000,5.100000,3.620000,3.620000,0.000000,0.000000,0.000000,0.000000,0.000000,0.000000,0.000000,0.000000,0.000000,0.000000,0.000000,0.000000,0.000000,0.000000,0.000000,0.000000,0.000000,0.000000,0.000000,0.000000,0.000000,0.000000
120.659996,90.059998,176.919998,84.900002,58.139999,55.599998,89.119995,98.659996,92.279999,71.479996,62.059998,59.480000,49.500000,52.939999,53.939999,46.779999,40.459999,31.340000,23.459999,20.459999,17.719999,15.339999,14.480000,14.920000,10.219999,8.080000,10.860000,20.779999,11.440000,13.040000,16.580000,19.480000,23.180000,26.099998,24.539999,21.100000,34.899998,33.360001,26.599998,22.020000,20.459999,20.139999,19.820000,19.480000,19.820000,22.020000,24.820000,22.600000,23.459999,25.080000,23.459999,18.100000,12.000000,15.780000,17.719999,14.020000,13.040000,14.480000,18.100000,18.100000,21.400000,16.980000,19.139999,18.459999,16.580000,17.359999,16.180000,12.540000,14.480000,15.780000,14.480000,9.559999,8.860000,10.219999,10.219999,10.219999,9.559999,9.559999,8.080000,6.260000,5.100000,8.080000,8.080000,6.260000,5.100000,0.000000,0.000000,0.000000,0.000000,0.000000,3.620000,5.100000,6.260000,3.620000,0.000000,0.000000,0.000000,0.000000,0.000000,0.000000,0.000000,3.620000,3.620000,5.100000,6.260000,7.240000,7.240000,7.240000,6.260000,5.100000,5.100000,5.100000,3.620000,0.000000,0.000000,0.000000,0.000000,0.000000,0.000000,0.000000,0.000000,0.000000,0.000000,0.000000,0.000000,0.000000,0.000000,0.000000
41.579998,38.139999,34.340000,29.400000,24.279999,19.820000,14.920000,12.540000,10.860000,9.559999,7.240000,6.260000,8.860000,11.440000,13.040000,14.480000,14.920000,16.180000,17.359999,24.279999,23.459999,19.480000,20.779999,29.400000,24.000000,22.020000,19.480000,16.980000,16.980000,15.780000,17.359999,17.719999,22.600000,21.719999,18.100000,18.799999,21.100000,20.459999,20.459999,19.139999,17.719999,14.920000,13.540000,14.020000,13.540000,15.339999,16.980000,15.780000,16.580000,16.580000,16.980000,17.719999,17.719999,14.020000,16.180000,13.540000,7.240000,8.860000,6.260000,6.260000,3.620000,5.100000,3.620000,3.620000,3.620000,5.100000,6.260000,8.860000,10.860000,8.860000,8.860000,6.260000,7.240000,5.100000,3.620000,0.000000,0.000000,3.620000,0.000000,0.000000,0.000000,0.000000,0.000000,0.000000,0.000000,0.000000,0.000000,0.000000,0.000000,3.620000,0.000000,0.000000,0.000000,0.000000,0.000000,0.000000,0.000000,0.000000,0.000000,0.000000,3.620000,5.100000,3.620000,3.620000,3.620000,3.620000,3.620000,3.620000,5.100000,5.100000,3.620000,3.620000,0.000000,0.000000,0.000000,0.000000,0.000000,0.000000,0.000000,0.000000,0.000000,0.000000,0.000000,0.000000,0.000000,0.000000,0.000000,0.000000
16.580000,13.540000,12.540000,12.000000,10.860000,10.219999,9.559999,10.860000,12.540000,12.540000,12.540000,11.440000,10.219999,8.860000,8.080000,7.240000,7.240000,8.860000,10.860000,10.860000,12.000000,12.000000,10.219999,10.860000,10.860000,10.219999,9.559999,8.860000,9.559999,9.559999,8.860000,8.080000,7.240000,6.260000,5.100000,7.240000,10.219999,5.100000,5.100000,0.000000,3.620000,6.260000,6.260000,8.860000,12.000000,11.440000,9.559999,8.860000,7.240000,8.080000,6.260000,3.620000,0.000000,0.000000,0.000000,0.000000,0.000000,0.000000,0.000000,0.000000,0.000000,0.000000,0.000000,0.000000,0.000000,0.000000,0.000000,0.000000,0.000000,0.000000,0.000000,0.000000,0.000000,0.000000,0.000000,0.000000,0.000000,0.000000,0.000000,0.000000,0.000000,0.000000,0.000000,0.000000,0.000000,3.620000,6.260000,5.100000,3.620000,3.620000,3.620000,3.620000,3.620000,5.100000,7.240000,7.240000,3.620000,0.000000,0.000000,0.000000,0.000000,0.000000,0.000000,0.000000,0.000000,0.000000,0.000000,3.620000,5.100000,5.100000,3.620000,5.100000,3.620000,0.000000,0.000000,0.000000,0.000000,0.000000,0.000000,0.000000,0.000000,0.000000,0.000000,0.000000,0.000000,0.000000,0.000000,0.000000
120.059998,100.320000,100.839996,64.239998,44.320000,40.299999,38.299999,36.200001,31.340000,25.840000,24.279999,15.339999,14.920000,14.480000,14.020000,14.020000,14.020000,14.920000,14.020000,13.040000,12.000000,12.000000,12.540000,14.480000,14.920000,17.359999,18.799999,20.139999,20.139999,23.459999,22.299999,18.799999,20.459999,21.100000,21.100000,21.400000,18.459999,16.580000,24.820000,17.719999,9.559999,5.100000,0.000000,5.100000,5.100000,6.260000,0.000000,3.620000,6.260000,0.000000,3.620000,5.100000,3.620000,0.000000,3.620000,3.620000,3.620000,3.620000,15.780000,10.860000,7.240000,15.339999,15.780000,17.359999,10.860000,0.000000,0.000000,0.000000,0.000000,0.000000,3.620000,0.000000,0.000000,0.000000,3.620000,5.100000,6.260000,7.240000,7.240000,7.240000,8.860000,10.219999,11.440000,10.860000,12.000000,10.860000,10.219999,9.559999,9.559999,8.860000,9.559999,8.860000,8.860000,7.240000,5.100000,5.100000,0.000000,0.000000,3.620000,3.620000,3.620000,5.100000,3.620000,5.100000,5.100000,5.100000,3.620000,0.000000,0.000000,0.000000,0.000000,0.000000,0.000000,0.000000,0.000000,0.000000,0.000000,0.000000,0.000000,0.000000,0.000000,0.000000,0.000000,0.000000,0.000000,3.620000,3.620000,3.620000
66.839996,52.320000,44.779999,96.239998,66.939995,56.199997,52.199997,49.239998,42.520000,36.200001,30.920000,24.539999,21.100000,16.980000,15.780000,15.780000,14.480000,13.040000,12.000000,11.440000,10.860000,10.860000,12.000000,13.540000,14.480000,15.339999,17.359999,20.139999,22.020000,23.740000,24.279999,23.459999,23.740000,23.459999,22.020000,21.719999,20.459999,21.719999,20.779999,21.100000,22.299999,17.719999,14.020000,10.860000,9.559999,10.860000,12.540000,10.219999,7.240000,13.040000,8.860000,11.440000,10.219999,6.260000,5.100000,3.620000,3.620000,3.620000,3.620000,3.620000,0.000000,3.620000,3.620000,0.000000,3.620000,0.000000,0.000000,6.260000,6.260000,3.620000,3.620000,0.000000,0.000000,0.000000,0.000000,0.000000,0.000000,0.000000,0.000000,0.000000,0.000000,0.000000,0.000000,0.000000,0.000000,0.000000,0.000000,0.000000,0.000000,0.000000,0.000000,0.000000,0.000000,0.000000,0.000000,0.000000,0.000000,0.000000,0.000000,0.000000,0.000000,3.620000,7.240000,8.080000,7.240000,7.240000,7.240000,5.100000,3.620000,3.620000,0.000000,0.000000,0.000000,0.000000,0.000000,0.000000,0.000000,0.000000,0.000000,3.620000,3.620000,3.620000,3.620000,3.620000,3.620000,0.000000,0.000000,0.000000
20.779999,18.100000,12.000000,11.440000,12.000000,13.540000,15.339999,14.920000,14.020000,12.000000,10.860000,10.860000,10.860000,12.540000,13.040000,15.780000,17.719999,17.719999,17.719999,18.100000,16.980000,23.740000,20.779999,15.339999,13.040000,12.000000,8.080000,5.100000,5.100000,3.620000,3.620000,0.000000,0.000000,0.000000,0.000000,3.620000,0.000000,3.620000,5.100000,3.620000,5.100000,0.000000,0.000000,0.000000,0.000000,8.860000,15.339999,7.240000,10.219999,6.260000,5.100000,7.240000,7.240000,3.620000,7.240000,6.260000,5.100000,3.620000,7.240000,8.080000,8.080000,3.620000,3.620000,6.260000,5.100000,7.240000,5.100000,6.260000,6.260000,8.080000,7.240000,6.260000,10.219999,10.219999,11.440000,13.040000,10.219999,8.860000,8.080000,7.240000,8.080000,9.559999,10.860000,10.860000,10.219999,8.860000,8.860000,8.080000,6.260000,7.240000,6.260000,5.100000,5.100000,5.100000,5.100000,5.100000,3.620000,3.620000,3.620000,0.000000,0.000000,0.000000,0.000000,0.000000,0.000000,0.000000,0.000000,0.000000,0.000000,0.000000,0.000000,0.000000,0.000000,0.000000,0.000000,0.000000,0.000000,0.000000,0.000000,0.000000,0.000000,0.000000,0.000000,0.000000,0.000000,0.000000,0.000000,0.000000
65.860001,58.919998,56.199997,51.059998,41.899998,33.959999,27.799999,27.559999,20.779999,12.540000,13.540000,14.480000,14.920000,12.000000,10.860000,10.219999,10.219999,10.860000,10.219999,8.860000,9.559999,13.040000,13.040000,15.780000,17.359999,20.459999,23.740000,23.459999,22.020000,20.139999,17.719999,19.480000,16.580000,17.719999,16.580000,14.920000,15.780000,13.540000,13.540000,14.480000,14.480000,16.580000,18.100000,15.780000,18.799999,17.359999,15.780000,9.559999,8.860000,8.080000,6.260000,3.620000,3.620000,5.100000,3.620000,5.100000,5.100000,6.260000,8.860000,7.240000,10.860000,9.559999,10.219999,8.080000,11.440000,10.219999,8.860000,9.559999,9.559999,8.080000,8.860000,8.080000,7.240000,7.240000,5.100000,7.240000,5.100000,3.620000,3.620000,5.100000,8.080000,8.860000,7.240000,5.100000,0.000000,3.620000,5.100000,3.620000,0.000000,0.000000,0.000000,0.000000,0.000000,0.000000,0.000000,0.000000,0.000000,0.000000,0.000000,0.000000,0.000000,0.000000,3.620000,5.100000,5.100000,5.100000,5.100000,5.100000,3.620000,3.620000,0.000000,0.000000,0.000000,0.000000,0.000000,0.000000,0.000000,0.000000,0.000000,0.000000,0.000000,0.000000,0.000000,0.000000,0.000000,0.000000,0.000000,0.000000
45.200001,38.299999,32.579998,26.599998,22.020000,16.980000,13.040000,12.000000,13.040000,13.040000,13.040000,12.540000,12.540000,14.020000,14.020000,13.040000,13.540000,13.040000,14.920000,16.580000,16.180000,17.359999,19.820000,21.719999,22.299999,21.400000,19.139999,19.820000,18.100000,16.180000,13.040000,14.480000,19.480000,20.459999,16.580000,12.540000,6.260000,3.620000,6.260000,6.260000,7.240000,12.000000,10.219999,11.440000,16.580000,16.180000,10.860000,6.260000,6.260000,3.620000,3.620000,0.000000,3.620000,6.260000,5.100000,3.620000,5.100000,5.100000,3.620000,0.000000,5.100000,0.000000,0.000000,3.620000,0.000000,3.620000,8.080000,3.620000,5.100000,6.260000,5.100000,5.100000,6.260000,0.000000,3.620000,0.000000,5.100000,3.620000,3.620000,3.620000,3.620000,3.620000,7.240000,5.100000,8.860000,5.100000,3.620000,3.620000,0.000000,0.000000,0.000000,0.000000,0.000000,0.000000,0.000000,0.000000,0.000000,0.000000,0.000000,0.000000,0.000000,0.000000,0.000000,0.000000,0.000000,3.620000,3.620000,3.620000,0.000000,0.000000,3.620000,0.000000,0.000000,0.000000,0.000000,0.000000,0.000000,0.000000,0.000000,0.000000,0.000000,0.000000,3.620000,3.620000,5.100000,6.260000,6.260000,6.260000
20.779999,22.299999,21.719999,16.980000,16.180000,16.980000,17.359999,14.920000,13.540000,13.040000,12.000000,10.219999,8.860000,10.860000,13.040000,13.540000,12.540000,12.000000,12.540000,12.000000,9.559999,8.080000,12.000000,14.020000,25.340000,20.459999,18.799999,14.480000,10.860000,6.260000,8.860000,7.240000,10.219999,7.240000,7.240000,8.080000,5.100000,8.080000,8.860000,8.080000,10.219999,7.240000,5.100000,3.620000,5.100000,3.620000,3.620000,5.100000,6.260000,3.620000,0.000000,0.000000,3.620000,5.100000,3.620000,7.240000,7.240000,5.100000,8.080000,10.860000,11.440000,14.920000,14.920000,16.180000,14.020000,12.000000,11.440000,8.860000,6.260000,5.100000,5.100000,0.000000,0.000000,0.000000,0.000000,3.620000,0.000000,0.000000,0.000000,0.000000,0.000000,0.000000,0.000000,3.620000,0.000000,0.000000,0.000000,0.000000,0.000000,0.000000,0.000000,0.000000,0.000000,0.000000,0.000000,0.000000,0.000000,0.000000,0.000000,0.000000,0.000000,0.000000,0.000000,0.000000,0.000000,0.000000,0.000000,0.000000,0.000000,0.000000,0.000000,0.000000,0.000000,0.000000,0.000000,0.000000,0.000000,0.000000,0.000000,0.000000,0.000000,0.000000,0.000000,0.000000,0.000000,0.000000,0.000000,0.000000
20.779999,19.480000,21.100000,20.139999,26.340000,33.759998,23.459999,27.799999,16.180000,22.299999,10.219999,16.980000,17.719999,13.040000,8.860000,11.440000,10.219999,7.240000,7.240000,5.100000,0.000000,0.000000,0.000000,3.620000,0.000000,0.000000,5.100000,5.100000,10.219999,8.860000,7.240000,8.080000,8.080000,7.240000,7.240000,12.000000,15.780000,16.180000,14.480000,14.020000,13.040000,12.000000,12.540000,13.040000,14.020000,13.540000,12.540000,12.000000,11.440000,10.219999,9.559999,8.860000,8.860000,8.860000,8.860000,8.860000,6.260000,6.260000,3.620000,3.620000,0.000000,0.000000,0.000000,0.000000,0.000000,0.000000,0.000000,0.000000,0.000000,0.000000,0.000000,0.000000,0.000000,0.000000,0.000000,0.000000,0.000000,0.000000,0.000000,0.000000,0.000000,0.000000,0.000000,0.000000,0.000000,0.000000,0.000000,0.000000,0.000000,0.000000,0.000000,0.000000,0.000000,0.000000,0.000000,0.000000,0.000000,0.000000,0.000000,0.000000,0.000000,0.000000,0.000000,0.000000,0.000000,0.000000,0.000000,0.000000,0.000000,0.000000,0.000000,0.000000,0.000000,0.000000,0.000000,0.000000,0.000000,0.000000,8.860000,10.860000,17.719999,22.299999,16.980000,9.559999,7.240000,10.219999,14.020000,15.339999
22.879999,19.139999,23.740000,9.559999,11.440000,11.440000,12.000000,17.359999,18.459999,18.459999,12.540000,20.459999,13.540000,63.320000,52.939999,63.520000,52.079998,49.500000,46.639999,44.619999,42.980000,40.139999,35.639999,35.279999,33.559998,32.579998,34.340000,36.020000,36.559998,30.920000,31.760000,30.500000,29.179998,25.080000,17.359999,14.480000,16.580000,20.459999,21.100000,21.400000,19.480000,16.980000,11.440000,11.440000,30.500000,40.459999,37.799999,17.359999,13.040000,12.000000,7.240000,3.620000,0.000000,0.000000,0.000000,5.100000,10.219999,12.540000,13.540000,18.100000,16.980000,19.139999,23.459999,26.840000,28.039999,26.099998,25.599998,26.840000,22.299999,21.400000,14.480000,13.040000,12.000000,14.020000,16.180000,12.540000,12.540000,17.359999,16.980000,16.580000,19.139999,17.719999,14.480000,14.920000,12.540000,13.040000,14.020000,13.040000,12.540000,8.860000,9.559999,10.219999,9.559999,10.219999,10.860000,10.219999,10.219999,7.240000,5.100000,0.000000,0.000000,0.000000,3.620000,3.620000,3.620000,5.100000,5.100000,3.620000,5.100000,3.620000,3.620000,3.620000,3.620000,3.620000,3.620000,3.620000,0.000000,3.620000,0.000000,0.000000,0.000000,0.000000,0.000000,0.000000,0.000000,0.000000,0.000000,0.000000
22.299999,76.019997,15.339999,23.740000,25.080000,20.459999,22.299999,25.080000,23.459999,27.799999,23.740000,178.419998,162.519989,86.879997,118.379997,82.860001,81.979996,71.299995,55.020000,44.619999,41.579998,40.139999,32.380001,28.719999,28.959999,24.000000,25.599998,26.340000,24.820000,26.599998,26.840000,26.099998,25.340000,22.299999,21.100000,18.799999,13.540000,18.799999,20.779999,20.139999,25.340000,25.599998,23.180000,18.100000,19.480000,16.580000,30.059999,33.360001,29.400000,19.820000,15.780000,10.860000,9.559999,6.260000,6.260000,7.240000,8.080000,9.559999,10.860000,8.860000,10.860000,12.000000,13.540000,15.339999,18.459999,19.480000,21.100000,19.480000,22.600000,20.139999,19.820000,22.020000,22.879999,22.299999,20.139999,17.359999,14.920000,13.540000,9.559999,8.860000,5.100000,5.100000,3.620000,0.000000,0.000000,3.620000,0.000000,0.000000,0.000000,0.000000,0.000000,0.000000,0.000000,0.000000,0.000000,0.000000,0.000000,0.000000,0.000000,0.000000,0.000000,0.000000,0.000000,0.000000,0.000000,0.000000,0.000000,0.000000,0.000000,0.000000,0.000000,0.000000,3.620000,5.100000,7.240000,7.240000,7.240000,6.260000,5.100000,5.100000,6.260000,7.240000,8.080000,8.080000,7.240000,6.260000,5.100000,0.000000
40.619999,54.779999,123.719994,33.559998,25.599998,39.820000,43.879997,41.579998,36.200001,34.899998,35.459999,39.320000,76.879997,57.799999,44.320000,46.919998,57.119999,50.539997,44.180000,41.259998,37.959999,33.759998,30.920000,28.039999,24.000000,23.180000,21.719999,19.820000,17.719999,19.480000,20.139999,16.980000,15.780000,15.780000,14.020000,14.020000,10.860000,11.440000,12.000000,12.000000,16.580000,18.459999,19.480000,18.799999,18.799999,20.779999,22.600000,23.180000,23.180000,22.600000,20.779999,20.139999,18.100000,18.799999,19.820000,18.459999,19.139999,19.139999,18.100000,15.780000,20.779999,18.100000,18.100000,22.020000,15.780000,16.580000,14.480000,14.480000,17.359999,8.860000,6.260000,13.040000,3.620000,3.620000,3.620000,3.620000,3.620000,0.000000,0.000000,0.000000,0.000000,3.620000,0.000000,0.000000,0.000000,0.000000,0.000000,0.000000,0.000000,0.000000,0.000000,3.620000,0.000000,0.000000,0.000000,3.620000,5.100000,6.260000,8.080000,9.559999,10.860000,11.440000,11.440000,11.440000,10.219999,8.080000,8.080000,7.240000,7.240000,7.240000,6.260000,7.240000,7.240000,6.260000,6.260000,5.100000,3.620000,3.620000,3.620000,3.620000,0.000000,0.000000,0.000000,0.000000,0.000000,0.000000,0.000000,0.000000
19.139999,19.820000,24.820000,36.739998,34.899998,35.820000,28.500000,21.400000,22.879999,22.020000,19.820000,22.299999,25.599998,25.599998,26.099998,27.799999,28.039999,27.080000,23.740000,22.020000,20.139999,18.100000,15.339999,11.440000,10.219999,13.040000,14.920000,15.339999,14.020000,12.000000,10.860000,10.860000,10.860000,9.559999,8.080000,7.240000,8.080000,8.080000,5.100000,5.100000,7.240000,6.260000,5.100000,7.240000,10.219999,11.440000,13.040000,19.139999,18.799999,14.480000,14.480000,13.040000,8.860000,9.559999,5.100000,6.260000,5.100000,5.100000,5.100000,3.620000,0.000000,0.000000,0.000000,0.000000,0.000000,0.000000,5.100000,3.620000,0.000000,0.000000,0.000000,5.100000,0.000000,0.000000,3.620000,5.100000,0.000000,0.000000,0.000000,6.260000,8.080000,9.559999,10.219999,11.440000,12.000000,12.000000,12.540000,11.440000,10.860000,9.559999,7.240000,7.240000,7.240000,7.240000,8.080000,8.860000,8.080000,6.260000,3.620000,0.000000,0.000000,0.000000,3.620000,0.000000,0.000000,0.000000,0.000000,0.000000,0.000000,0.000000,0.000000,0.000000,0.000000,0.000000,0.000000,0.000000,0.000000,0.000000,0.000000,0.000000,0.000000,0.000000,0.000000,0.000000,0.000000,0.000000,0.000000,0.000000
54.059998,27.799999,98.220001,121.099998,52.579998,45.340000,56.320000,49.899998,46.360001,43.579998,44.180000,42.200001,34.899998,27.799999,23.459999,23.180000,24.000000,22.299999,19.480000,14.920000,13.540000,13.040000,13.040000,12.540000,12.540000,21.100000,16.980000,14.480000,12.000000,10.860000,10.860000,11.440000,14.920000,18.459999,18.799999,19.139999,11.440000,27.559999,16.980000,16.980000,19.480000,13.540000,6.260000,7.240000,8.860000,0.000000,8.080000,13.040000,14.480000,8.860000,10.860000,7.240000,5.100000,0.000000,0.000000,0.000000,0.000000,3.620000,5.100000,3.620000,3.620000,3.620000,3.620000,6.260000,7.240000,7.240000,6.260000,5.100000,3.620000,0.000000,6.260000,9.559999,8.080000,8.860000,9.559999,9.559999,8.860000,8.080000,6.260000,6.260000,5.100000,6.260000,8.860000,9.559999,8.080000,7.240000,6.260000,3.620000,3.620000,3.620000,6.260000,5.100000,6.260000,5.100000,3.620000,0.000000,0.000000,0.000000,0.000000,0.000000,0.000000,0.000000,0.000000,0.000000,0.000000,0.000000,0.000000,0.000000,3.620000,3.620000,3.620000,5.100000,5.100000,5.100000,3.620000,0.000000,0.000000,0.000000,0.000000,0.000000,0.000000,0.000000,0.000000,0.000000,0.000000,0.000000,0.000000,0.000000
64.540001,55.020000,123.399994,125.759995,93.479996,76.180000,68.099998,60.680000,50.279999,40.939999,32.579998,26.099998,25.840000,27.080000,26.340000,24.279999,22.600000,20.779999,18.100000,15.339999,15.339999,15.780000,16.180000,14.920000,16.180000,19.480000,21.100000,22.299999,22.299999,22.299999,20.459999,20.779999,22.879999,22.299999,20.139999,22.879999,22.020000,20.459999,19.820000,19.820000,21.100000,21.400000,20.139999,20.779999,20.139999,19.139999,19.480000,22.020000,19.820000,16.980000,16.180000,17.719999,16.580000,12.000000,12.000000,13.540000,11.440000,13.540000,10.860000,10.219999,8.860000,6.260000,8.080000,8.080000,8.080000,8.080000,3.620000,8.080000,5.100000,0.000000,0.000000,0.000000,0.000000,0.000000,0.000000,0.000000,0.000000,0.000000,0.000000,0.000000,0.000000,0.000000,0.000000,0.000000,0.000000,0.000000,0.000000,0.000000,0.000000,0.000000,0.000000,0.000000,0.000000,0.000000,0.000000,0.000000,0.000000,0.000000,0.000000,0.000000,3.620000,3.620000,3.620000,3.620000,3.620000,0.000000,3.620000,3.620000,0.000000,3.620000,3.620000,5.100000,5.100000,3.620000,3.620000,3.620000,0.000000,0.000000,0.000000,0.000000,0.000000,0.000000,0.000000,0.000000,0.000000,0.000000,0.000000,0.000000
67.619995,35.639999,44.619999,88.080002,65.360001,50.539997,42.820000,39.320000,35.099998,33.759998,30.279999,24.539999,20.139999,16.980000,16.580000,16.580000,19.139999,19.480000,17.719999,16.180000,14.920000,13.040000,12.000000,11.440000,11.440000,11.440000,10.219999,12.000000,10.860000,12.540000,14.920000,16.980000,18.459999,19.820000,17.719999,19.139999,20.779999,24.000000,25.599998,27.080000,25.599998,22.600000,9.559999,7.240000,8.860000,11.440000,12.000000,11.440000,12.000000,14.480000,18.100000,18.100000,19.480000,17.359999,18.459999,17.359999,13.040000,9.559999,7.240000,3.620000,0.000000,0.000000,0.000000,0.000000,0.000000,0.000000,0.000000,3.620000,6.260000,7.240000,6.260000,3.620000,6.260000,6.260000,3.620000,0.000000,0.000000,0.000000,0.000000,0.000000,0.000000,0.000000,0.000000,0.000000,0.000000,0.000000,0.000000,0.000000,0.000000,0.000000,0.000000,0.000000,0.000000,0.000000,0.000000,0.000000,0.000000,0.000000,0.000000,0.000000,0.000000,0.000000,0.000000,3.620000,5.100000,7.240000,8.080000,8.860000,8.860000,8.080000,7.240000,7.240000,5.100000,3.620000,3.620000,0.000000,0.000000,0.000000,0.000000,0.000000,0.000000,0.000000,0.000000,0.000000,0.000000,0.000000,0.000000,0.000000
33.360001,33.559998,34.719997,35.459999,36.919998,30.920000,28.959999,25.840000,25.599998,24.279999,21.719999,19.139999,15.339999,14.020000,14.020000,14.480000,14.920000,14.480000,14.020000,13.540000,14.020000,13.540000,12.000000,10.860000,10.860000,6.260000,6.260000,8.860000,10.219999,11.440000,11.440000,9.559999,13.040000,14.480000,10.860000,27.320000,21.400000,14.920000,10.860000,10.860000,5.100000,0.000000,6.260000,10.219999,8.860000,3.620000,0.000000,0.000000,6.260000,3.620000,5.100000,5.100000,3.620000,8.860000,12.000000,5.100000,3.620000,3.620000,3.620000,3.620000,0.000000,3.620000,3.620000,6.260000,5.100000,3.620000,6.260000,6.260000,5.100000,6.260000,6.260000,6.260000,7.240000,6.260000,6.260000,7.240000,6.260000,6.260000,5.100000,5.100000,5.100000,3.620000,3.620000,0.000000,0.000000,0.000000,0.000000,0.000000,0.000000,0.000000,0.000000,0.000000,0.000000,3.620000,0.000000,0.000000,0.000000,0.000000,0.000000,0.000000,0.000000,0.000000,0.000000,0.000000,0.000000,3.620000,8.080000,7.240000,3.620000,0.000000,0.000000,5.100000,5.100000,7.240000,8.860000,8.860000,8.860000,9.559999,9.559999,7.240000,3.620000,0.000000,0.000000,0.000000,3.620000,3.620000,3.620000,3.620000
56.539997,48.279999,43.279999,41.099998,44.619999,33.180000,30.920000,32.380001,26.599998,22.879999,19.820000,18.799999,16.180000,13.040000,12.540000,11.440000,11.440000,11.440000,11.440000,12.000000,13.540000,14.020000,14.020000,15.339999,16.180000,15.780000,16.580000,16.580000,18.459999,17.719999,17.719999,14.020000,14.020000,12.540000,13.040000,14.020000,14.020000,14.920000,16.580000,15.339999,14.480000,10.860000,8.080000,8.860000,8.080000,8.080000,6.260000,3.620000,3.620000,8.080000,8.860000,15.339999,11.440000,6.260000,10.860000,7.240000,6.260000,8.860000,13.040000,15.780000,18.799999,15.339999,12.540000,10.860000,11.440000,10.219999,11.440000,12.000000,8.860000,9.559999,6.260000,9.559999,6.260000,7.240000,3.620000,3.620000,3.620000,3.620000,3.620000,5.100000,3.620000,8.080000,3.620000,3.620000,5.100000,6.260000,5.100000,3.620000,5.100000,3.620000,3.620000,5.100000,7.240000,5.100000,6.260000,6.260000,7.240000,6.260000,8.080000,8.080000,8.860000,7.240000,7.240000,8.080000,9.559999,9.559999,8.860000,7.240000,8.080000,8.860000,8.860000,9.559999,8.080000,7.240000,7.240000,6.260000,6.260000,6.260000,5.100000,5.100000,5.100000,3.620000,3.620000,3.620000,3.620000,0.000000,0.000000,0.000000
16.180000,0.000000,14.920000,21.400000,28.719999,26.099998,27.799999,32.779999,106.099998,55.020000,60.359997,77.799995,89.559998,56.320000,47.059998,37.799999,30.920000,23.180000,22.879999,19.480000,24.000000,22.600000,19.480000,19.820000,18.799999,16.980000,17.719999,17.359999,14.920000,15.780000,14.920000,12.000000,6.260000,6.260000,8.080000,10.860000,13.040000,14.480000,18.100000,22.600000,28.959999,43.279999,30.920000,15.780000,20.139999,19.139999,26.340000,20.139999,13.540000,10.219999,6.260000,8.080000,7.240000,10.860000,12.000000,10.219999,12.000000,14.920000,12.000000,13.540000,13.540000,14.020000,10.219999,10.219999,12.000000,13.040000,12.000000,12.000000,11.440000,12.540000,14.480000,15.780000,16.180000,14.480000,13.540000,10.219999,16.580000,16.980000,20.139999,16.980000,21.100000,16.180000,14.480000,15.780000,14.480000,15.780000,14.480000,15.780000,14.480000,13.040000,12.540000,12.000000,7.240000,8.080000,7.240000,5.100000,3.620000,5.100000,7.240000,3.620000,0.000000,0.000000,0.000000,0.000000,3.620000,0.000000,0.000000,0.000000,0.000000,0.000000,0.000000,0.000000,0.000000,0.000000,0.000000,0.000000,3.620000,0.000000,0.000000,3.620000,5.100000,3.620000,3.620000,3.620000,0.000000,0.000000,0.000000,0.000000
43.439999,42.200001,38.639999,32.380001,16.580000,17.719999,23.740000,24.820000,20.779999,23.740000,16.580000,14.480000,12.540000,12.540000,13.540000,15.339999,15.780000,14.920000,15.339999,16.580000,16.180000,14.920000,18.799999,15.339999,13.540000,11.440000,13.540000,16.580000,16.180000,18.459999,22.020000,23.740000,19.820000,21.100000,32.180000,24.539999,19.480000,19.480000,17.719999,20.459999,8.080000,3.620000,0.000000,3.620000,9.559999,11.440000,5.100000,10.219999,7.240000,6.260000,6.260000,8.860000,8.080000,12.000000,6.260000,6.260000,11.440000,9.559999,17.719999,10.860000,10.219999,6.260000,9.559999,7.240000,7.240000,5.100000,3.620000,0.000000,3.620000,7.240000,6.260000,7.240000,8.080000,8.860000,13.040000,14.480000,12.540000,10.219999,8.860000,9.559999,9.559999,10.219999,9.559999,8.860000,9.559999,7.240000,8.080000,6.260000,6.260000,5.100000,3.620000,3.620000,3.620000,3.620000,5.100000,5.100000,5.100000,0.000000,0.000000,0.000000,0.000000,0.000000,0.000000,0.000000,0.000000,0.000000,0.000000,3.620000,3.620000,5.100000,3.620000,3.620000,3.620000,3.620000,3.620000,3.620000,3.620000,3.620000,3.620000,3.620000,3.620000,0.000000,0.000000,0.000000,0.000000,0.000000,0.000000,0.000000
38.480000,34.899998,31.139999,31.340000,29.619999,28.039999,28.500000,12.000000,12.540000,12.000000,10.860000,10.860000,10.860000,10.219999,13.540000,13.040000,12.000000,12.000000,12.540000,12.000000,13.040000,12.000000,12.000000,10.860000,10.219999,13.540000,16.580000,19.139999,22.299999,22.879999,22.299999,22.299999,20.459999,19.480000,19.820000,16.980000,19.139999,28.500000,19.820000,5.100000,7.240000,3.620000,3.620000,6.260000,9.559999,0.000000,6.260000,6.260000,3.620000,0.000000,0.000000,0.000000,0.000000,3.620000,0.000000,0.000000,0.000000,0.000000,0.000000,0.000000,0.000000,10.219999,13.040000,12.540000,16.980000,11.440000,7.240000,8.080000,10.860000,7.240000,5.100000,5.100000,5.100000,3.620000,3.620000,0.000000,0.000000,0.000000,3.620000,5.100000,7.240000,6.260000,6.260000,5.100000,6.260000,6.260000,7.240000,6.260000,3.620000,8.860000,9.559999,6.260000,0.000000,0.000000,0.000000,3.620000,5.100000,6.260000,7.240000,6.260000,6.260000,7.240000,6.260000,6.260000,5.100000,5.100000,5.100000,3.620000,3.620000,3.620000,0.000000,0.000000,0.000000,0.000000,0.000000,0.000000,0.000000,0.000000,0.000000,0.000000,0.000000,0.000000,0.000000,0.000000,0.000000,0.000000,0.000000,0.000000
18.100000,41.419998,44.480000,35.459999,33.559998,46.360001,107.320000,56.660000,36.739998,35.099998,28.260000,25.080000,20.139999,20.139999,16.980000,15.339999,19.820000,15.339999,14.020000,15.339999,15.339999,14.920000,14.920000,16.180000,14.920000,15.339999,13.540000,12.000000,11.440000,10.860000,9.559999,5.100000,6.260000,8.080000,10.219999,10.219999,12.540000,14.020000,15.780000,17.719999,17.719999,15.780000,18.100000,15.339999,12.540000,11.440000,10.860000,10.860000,12.000000,13.540000,14.920000,14.920000,16.180000,16.580000,20.459999,14.480000,21.100000,19.480000,14.480000,12.000000,10.860000,12.540000,11.440000,6.260000,5.100000,6.260000,5.100000,3.620000,8.080000,3.620000,5.100000,8.080000,3.620000,0.000000,5.100000,8.080000,0.000000,3.620000,3.620000,3.620000,3.620000,6.260000,5.100000,6.260000,6.260000,6.260000,6.260000,6.260000,5.100000,5.100000,7.240000,7.240000,6.260000,7.240000,8.080000,8.080000,7.240000,8.080000,7.240000,6.260000,5.100000,6.260000,3.620000,0.000000,0.000000,0.000000,0.000000,0.000000,0.000000,0.000000,0.000000,0.000000,0.000000,0.000000,0.000000,0.000000,0.000000,0.000000,0.000000,0.000000,0.000000,0.000000,0.000000,0.000000,0.000000,0.000000,0.000000,0.000000
32.779999,44.619999,51.059998,97.279999,186.039993,60.459999,28.719999,48.419998,46.639999,40.779999,36.559998,33.559998,31.559999,30.920000,45.639999,16.980000,25.599998,32.180000,24.820000,21.719999,19.139999,15.780000,14.020000,14.920000,15.339999,18.100000,17.359999,15.780000,15.780000,15.780000,20.139999,17.719999,8.860000,9.559999,9.559999,12.000000,11.440000,12.540000,14.480000,16.580000,20.459999,18.799999,18.100000,15.339999,20.779999,15.339999,8.860000,8.860000,5.100000,7.240000,8.860000,10.219999,10.860000,13.540000,16.580000,18.100000,16.180000,14.920000,17.719999,16.180000,15.780000,12.540000,13.040000,10.860000,9.559999,3.620000,6.260000,3.620000,0.000000,3.620000,5.100000,0.000000,0.000000,3.620000,5.100000,3.620000,6.260000,5.100000,6.260000,3.620000,5.100000,5.100000,6.260000,5.100000,3.620000,3.620000,5.100000,3.620000,3.620000,0.000000,3.620000,5.100000,7.240000,8.080000,8.860000,10.219999,11.440000,12.540000,12.540000,11.440000,11.440000,9.559999,8.080000,8.860000,8.080000,6.260000,0.000000,0.000000,0.000000,0.000000,0.000000,0.000000,0.000000,0.000000,0.000000,0.000000,0.000000,0.000000,0.000000,0.000000,0.000000,0.000000,0.000000,3.620000,3.620000,3.620000,3.620000,3.620000
93.339996,69.720001,61.000000,88.599998,74.000000,60.579998,45.639999,37.079998,32.980000,31.959999,28.039999,25.840000,38.480000,21.400000,19.139999,18.100000,19.480000,17.359999,17.719999,18.459999,15.780000,15.339999,12.540000,12.000000,12.540000,10.219999,10.860000,7.240000,7.240000,8.080000,8.860000,11.440000,12.540000,16.180000,18.100000,20.139999,21.719999,19.820000,17.359999,16.580000,20.779999,19.139999,20.139999,17.719999,15.339999,10.860000,8.860000,8.860000,10.219999,13.540000,14.480000,17.719999,16.180000,15.339999,12.540000,14.020000,13.040000,8.080000,9.559999,9.559999,5.100000,5.100000,5.100000,5.100000,5.100000,5.100000,3.620000,7.240000,8.860000,6.260000,6.260000,8.860000,5.100000,8.080000,8.080000,10.219999,9.559999,8.860000,10.219999,7.240000,8.860000,9.559999,8.080000,7.240000,6.260000,7.240000,6.260000,8.080000,7.240000,9.559999,8.860000,7.240000,10.219999,9.559999,8.860000,9.559999,8.080000,8.080000,6.260000,5.100000,5.100000,5.100000,6.260000,6.260000,5.100000,0.000000,0.000000,0.000000,0.000000,0.000000,3.620000,3.620000,6.260000,8.080000,8.080000,5.100000,5.100000,3.620000,0.000000,0.000000,0.000000,0.000000,0.000000,0.000000,0.000000,3.620000,5.100000,6.260000
8.860000,9.559999,10.860000,27.080000,96.579994,69.059998,64.860001,98.079994,103.799995,70.479996,55.500000,49.899998,46.059998,40.779999,36.380001,32.579998,27.559999,22.600000,17.719999,18.799999,12.000000,14.020000,10.860000,11.440000,11.440000,11.440000,12.000000,11.440000,9.559999,9.559999,8.860000,8.860000,7.240000,5.100000,3.620000,3.620000,3.620000,8.080000,13.540000,15.339999,19.820000,24.279999,24.279999,18.459999,18.100000,18.459999,22.299999,21.400000,19.139999,17.719999,14.020000,13.040000,12.540000,12.000000,12.540000,13.040000,13.040000,13.540000,15.780000,19.820000,21.100000,24.279999,22.299999,22.299999,22.020000,20.139999,19.139999,16.580000,14.020000,11.440000,10.219999,5.100000,0.000000,0.000000,0.000000,0.000000,0.000000,0.000000,0.000000,0.000000,6.260000,3.620000,7.240000,3.620000,0.000000,0.000000,0.000000,0.000000,0.000000,0.000000,0.000000,0.000000,0.000000,0.000000,3.620000,5.100000,3.620000,0.000000,0.000000,0.000000,0.000000,0.000000,0.000000,0.000000,0.000000,0.000000,0.000000,3.620000,3.620000,3.620000,3.620000,0.000000,0.000000,0.000000,0.000000,3.620000,3.620000,0.000000,0.000000,0.000000,3.620000,3.620000,5.100000,6.260000,7.240000,7.240000,6.260000,6.260000
35.459999,21.400000,33.360001,37.959999,43.439999,39.139999,20.139999,19.820000,20.139999,25.599998,117.139999,29.840000,39.480000,39.139999,32.579998,46.059998,24.279999,22.020000,24.000000,19.480000,18.459999,14.480000,12.000000,16.580000,17.719999,22.299999,15.339999,16.580000,14.480000,14.920000,13.040000,13.040000,13.540000,12.000000,13.040000,10.860000,8.860000,7.240000,5.100000,8.080000,10.219999,12.000000,15.780000,24.279999,22.879999,23.459999,31.959999,15.339999,10.860000,8.860000,14.020000,16.180000,18.799999,14.020000,10.219999,10.219999,14.020000,15.339999,14.920000,9.559999,8.860000,8.080000,3.620000,9.559999,9.559999,10.219999,14.480000,14.020000,14.480000,12.000000,12.000000,11.440000,13.540000,10.860000,10.860000,10.219999,8.080000,10.219999,9.559999,8.080000,6.260000,5.100000,3.620000,3.620000,3.620000,5.100000,0.000000,3.620000,6.260000,8.080000,10.219999,12.000000,12.000000,12.000000,10.860000,10.860000,9.559999,9.559999,9.559999,8.080000,8.080000,6.260000,8.080000,5.100000,5.100000,3.620000,3.620000,3.620000,0.000000,3.620000,0.000000,0.000000,0.000000,0.000000,0.000000,0.000000,0.000000,0.000000,0.000000,0.000000,0.000000,0.000000,0.000000,0.000000,0.000000,0.000000,0.000000,0.000000
147.500000,42.520000,18.100000,30.920000,28.260000,24.000000,18.799999,18.100000,17.359999,12.540000,13.540000,16.580000,14.480000,13.040000,11.440000,9.559999,7.240000,7.240000,7.240000,9.559999,9.559999,9.559999,8.860000,10.860000,12.000000,9.559999,7.240000,6.260000,7.240000,6.260000,7.240000,7.240000,14.920000,12.540000,13.540000,8.860000,8.080000,3.620000,0.000000,0.000000,0.000000,0.000000,0.000000,6.260000,3.620000,3.620000,0.000000,5.100000,3.620000,3.620000,5.100000,6.260000,3.620000,0.000000,0.000000,0.000000,0.000000,3.620000,0.000000,3.620000,0.000000,6.260000,5.100000,6.260000,7.240000,6.260000,6.260000,5.100000,6.260000,5.100000,3.620000,5.100000,8.080000,5.100000,3.620000,3.620000,0.000000,0.000000,3.620000,3.620000,0.000000,0.000000,0.000000,0.000000,0.000000,0.000000,0.000000,0.000000,0.000000,0.000000,3.620000,3.620000,3.620000,5.100000,5.100000,5.100000,3.620000,0.000000,0.000000,0.000000,0.000000,3.620000,3.620000,5.100000,5.100000,5.100000,3.620000,0.000000,0.000000,0.000000,0.000000,0.000000,0.000000,0.000000,0.000000,0.000000,0.000000,0.000000,0.000000,0.000000,0.000000,0.000000,0.000000,0.000000,0.000000,0.000000,0.000000,0.000000
36.200001,30.920000,29.619999,23.180000,20.139999,15.780000,13.040000,7.240000,6.260000,8.860000,8.860000,10.219999,9.559999,8.860000,8.080000,7.240000,6.260000,6.260000,6.260000,8.860000,6.260000,10.219999,14.020000,13.040000,8.860000,8.080000,8.080000,7.240000,7.240000,6.260000,8.080000,11.440000,10.860000,7.240000,5.100000,6.260000,3.620000,0.000000,3.620000,0.000000,0.000000,0.000000,0.000000,8.860000,10.860000,12.000000,9.559999,8.080000,7.240000,8.860000,6.260000,5.100000,0.000000,0.000000,0.000000,0.000000,0.000000,0.000000,0.000000,0.000000,0.000000,0.000000,0.000000,0.000000,0.000000,0.000000,3.620000,7.240000,7.240000,6.260000,3.620000,0.000000,3.620000,3.620000,3.620000,3.620000,3.620000,0.000000,0.000000,3.620000,0.000000,0.000000,0.000000,5.100000,6.260000,8.080000,7.240000,6.260000,5.100000,3.620000,3.620000,3.620000,0.000000,0.000000,0.000000,0.000000,0.000000,0.000000,0.000000,0.000000,0.000000,3.620000,3.620000,3.620000,3.620000,0.000000,0.000000,0.000000,0.000000,0.000000,0.000000,0.000000,0.000000,0.000000,0.000000,0.000000,0.000000,0.000000,0.000000,0.000000,0.000000,0.000000,3.620000,3.620000,0.000000,0.000000,3.620000,3.620000
105.220001,61.639999,77.799995,83.959999,65.260002,47.480000,45.059998,39.320000,33.759998,29.400000,25.340000,22.879999,21.719999,14.480000,12.540000,8.860000,9.559999,10.219999,8.080000,8.080000,8.080000,8.860000,10.860000,12.000000,10.860000,12.000000,12.000000,14.480000,10.219999,8.080000,7.240000,8.080000,6.260000,8.080000,12.000000,16.180000,17.359999,15.780000,15.780000,15.780000,13.040000,11.440000,11.440000,10.860000,10.219999,10.219999,10.860000,14.020000,14.480000,10.860000,12.000000,10.219999,12.000000,9.559999,8.080000,7.240000,8.860000,8.080000,6.260000,7.240000,8.080000,8.860000,7.240000,8.080000,8.860000,10.860000,9.559999,10.860000,10.860000,12.540000,12.000000,13.040000,12.000000,11.440000,12.000000,9.559999,8.860000,7.240000,6.260000,6.260000,6.260000,6.260000,5.100000,5.100000,5.100000,5.100000,5.100000,5.100000,3.620000,3.620000,3.620000,0.000000,3.620000,0.000000,0.000000,0.000000,0.000000,0.000000,0.000000,0.000000,0.000000,0.000000,3.620000,0.000000,0.000000,0.000000,0.000000,0.000000,0.000000,0.000000,0.000000,0.000000,0.000000,0.000000,0.000000,0.000000,0.000000,0.000000,0.000000,0.000000,0.000000,0.000000,0.000000,0.000000,0.000000,0.000000,0.000000,0.000000
17.359999,11.440000,5.100000,3.620000,12.000000,13.040000,22.299999,16.580000,24.000000,12.540000,24.539999,98.799995,68.019997,59.359997,79.299995,65.959999,50.419998,47.739998,42.200001,38.820000,33.360001,28.260000,23.459999,22.020000,20.779999,20.779999,21.100000,18.799999,16.580000,16.180000,15.780000,15.339999,14.480000,13.540000,12.000000,10.860000,8.860000,9.559999,7.240000,8.080000,7.240000,9.559999,8.860000,12.000000,12.540000,19.480000,37.079998,20.139999,16.180000,13.040000,24.539999,10.860000,6.260000,0.000000,0.000000,5.100000,5.100000,7.240000,8.860000,6.260000,6.260000,3.620000,0.000000,0.000000,0.000000,6.260000,9.559999,13.040000,15.780000,14.020000,17.359999,12.540000,14.920000,13.040000,9.559999,11.440000,10.219999,10.860000,11.440000,13.540000,10.860000,11.440000,7.240000,8.080000,9.559999,8.080000,10.219999,10.219999,10.219999,7.240000,8.080000,6.260000,7.240000,6.260000,7.240000,6.260000,6.260000,6.260000,6.260000,5.100000,5.100000,5.100000,3.620000,0.000000,0.000000,0.000000,0.000000,3.620000,5.100000,5.100000,6.260000,5.100000,5.100000,3.620000,3.620000,3.620000,3.620000,0.000000,0.000000,0.000000,0.000000,0.000000,0.000000,0.000000,0.000000,0.000000,0.000000,0.000000
25.840000,49.759998,23.180000,10.219999,13.540000,19.480000,29.179998,59.919998,23.459999,22.600000,27.799999,19.480000,24.539999,34.520000,22.020000,64.860001,81.199997,55.379997,43.739998,40.779999,35.639999,32.180000,25.599998,20.139999,16.180000,17.719999,19.139999,21.100000,21.719999,20.459999,19.139999,18.100000,16.580000,16.180000,17.719999,14.020000,12.540000,11.440000,12.000000,14.020000,8.860000,6.260000,5.100000,5.100000,8.080000,7.240000,9.559999,14.020000,18.799999,18.459999,14.920000,12.540000,17.719999,19.480000,15.339999,13.540000,7.240000,3.620000,0.000000,3.620000,8.080000,5.100000,9.559999,8.080000,7.240000,8.080000,8.080000,7.240000,8.860000,6.260000,3.620000,18.799999,6.260000,5.100000,3.620000,8.860000,8.860000,8.080000,10.219999,9.559999,10.219999,11.440000,13.040000,12.540000,8.860000,8.080000,9.559999,8.080000,7.240000,6.260000,8.080000,5.100000,6.260000,6.260000,3.620000,5.100000,5.100000,3.620000,6.260000,3.620000,3.620000,3.620000,3.620000,0.000000,0.000000,5.100000,0.000000,3.620000,3.620000,3.620000,5.100000,5.100000,5.100000,3.620000,3.620000,3.620000,0.000000,0.000000,0.000000,0.000000,0.000000,0.000000,0.000000,3.620000,5.100000,3.620000,3.620000,0.000000
22.600000,12.540000,7.240000,5.100000,6.260000,8.080000,7.240000,17.359999,27.320000,15.780000,16.180000,79.559998,69.339996,61.539997,66.159996,73.400002,63.520000,46.779999,42.059998,37.619999,33.959999,27.080000,21.400000,15.780000,13.540000,14.020000,17.719999,16.580000,18.100000,17.359999,14.920000,14.480000,14.480000,14.480000,15.339999,13.040000,10.219999,10.219999,15.780000,14.480000,15.780000,10.219999,12.000000,12.000000,10.860000,16.180000,10.219999,24.279999,20.139999,10.219999,6.260000,21.719999,16.980000,14.480000,13.040000,8.080000,8.080000,5.100000,5.100000,5.100000,5.100000,5.100000,10.219999,10.860000,10.219999,13.540000,16.580000,19.480000,15.339999,12.000000,9.559999,6.260000,8.080000,11.440000,11.440000,16.180000,14.020000,16.180000,12.000000,12.000000,10.860000,10.219999,8.860000,8.860000,7.240000,8.080000,6.260000,5.100000,5.100000,3.620000,3.620000,0.000000,3.620000,0.000000,0.000000,0.000000,0.000000,0.000000,5.100000,5.100000,5.100000,0.000000,3.620000,0.000000,0.000000,0.000000,0.000000,3.620000,5.100000,7.240000,8.860000,7.240000,6.260000,3.620000,3.620000,3.620000,5.100000,5.100000,5.100000,3.620000,3.620000,3.620000,0.000000,0.000000,0.000000,0.000000,0.000000,0.000000
54.299999,133.139999,131.059998,83.879997,42.680000,72.939995,80.459999,68.779999,58.699997,48.700001,43.579998,27.559999,19.820000,20.459999,23.180000,25.080000,22.020000,22.600000,21.719999,18.100000,16.980000,14.920000,14.480000,13.540000,14.920000,13.040000,17.719999,14.920000,11.440000,10.219999,10.860000,13.540000,16.580000,13.040000,16.180000,15.339999,32.980000,19.139999,10.860000,8.860000,8.080000,6.260000,7.240000,8.080000,10.860000,9.559999,11.440000,14.920000,15.339999,15.339999,14.020000,17.359999,18.799999,17.359999,16.980000,17.719999,16.180000,14.920000,18.100000,18.799999,19.820000,19.139999,18.459999,19.139999,16.180000,15.780000,13.540000,13.540000,10.219999,12.540000,3.620000,8.080000,6.260000,0.000000,3.620000,0.000000,3.620000,5.100000,6.260000,5.100000,3.620000,0.000000,0.000000,0.000000,0.000000,0.000000,0.000000,0.000000,0.000000,0.000000,0.000000,0.000000,0.000000,0.000000,0.000000,0.000000,0.000000,0.000000,3.620000,5.100000,7.240000,6.260000,6.260000,6.260000,3.620000,3.620000,3.620000,3.620000,0.000000,0.000000,0.000000,0.000000,0.000000,0.000000,0.000000,0.000000,0.000000,0.000000,3.620000,3.620000,3.620000,3.620000,5.100000,3.620000,3.620000,5.100000,5.100000,5.100000
22.600000,17.719999,26.099998,16.580000,18.100000,23.180000,18.459999,17.719999,17.719999,16.980000,15.339999,14.020000,15.780000,15.780000,14.920000,18.459999,19.820000,10.860000,9.559999,7.240000,10.860000,10.860000,11.440000,13.040000,14.020000,15.339999,16.980000,13.040000,24.000000,30.500000,18.459999,18.100000,9.559999,7.240000,10.219999,6.260000,12.540000,8.860000,9.559999,5.100000,3.620000,5.100000,3.620000,3.620000,5.100000,5.100000,8.080000,12.000000,14.480000,17.359999,19.480000,21.100000,16.980000,18.100000,16.980000,19.139999,17.359999,18.100000,17.719999,16.580000,16.180000,15.339999,14.920000,13.540000,13.040000,12.540000,10.219999,8.860000,8.080000,6.260000,6.260000,5.100000,3.620000,3.620000,3.620000,0.000000,3.620000,0.000000,0.000000,0.000000,0.000000,0.000000,0.000000,0.000000,0.000000,0.000000,0.000000,0.000000,0.000000,0.000000,0.000000,0.000000,0.000000,0.000000,0.000000,0.000000,0.000000,0.000000,0.000000,0.000000,0.000000,0.000000,0.000000,0.000000,0.000000,0.000000,0.000000,0.000000,0.000000,0.000000,0.000000,0.000000,0.000000,0.000000,0.000000,0.000000,0.000000,0.000000,0.000000,0.000000,0.000000,0.000000,0.000000,0.000000,0.000000,0.000000,0.000000,0.000000
28.719999,25.340000,21.100000,16.980000,21.719999,22.879999,24.539999,23.740000,22.600000,21.400000,20.459999,20.459999,18.459999,19.139999,20.139999,19.139999,21.100000,18.100000,15.339999,18.459999,21.100000,24.539999,24.539999,24.820000,25.599998,26.599998,28.500000,28.959999,30.279999,26.099998,27.799999,24.539999,11.440000,6.260000,3.620000,0.000000,3.620000,3.620000,0.000000,0.000000,5.100000,8.860000,10.860000,14.020000,16.980000,17.719999,16.980000,14.020000,14.020000,13.540000,13.040000,14.020000,9.559999,10.219999,7.240000,9.559999,8.080000,10.219999,9.559999,9.559999,8.080000,7.240000,7.240000,8.080000,7.240000,8.080000,7.240000,6.260000,8.080000,8.080000,8.860000,8.080000,9.559999,8.080000,6.260000,5.100000,3.620000,0.000000,0.000000,0.000000,0.000000,0.000000,0.000000,0.000000,0.000000,0.000000,0.000000,0.000000,0.000000,3.620000,3.620000,0.000000,0.000000,0.000000,0.000000,0.000000,0.000000,0.000000,0.000000,3.620000,3.620000,3.620000,5.100000,5.100000,5.100000,5.100000,5.100000,5.100000,5.100000,3.620000,3.620000,0.000000,0.000000,0.000000,0.000000,3.620000,0.000000,0.000000,0.000000,0.000000,0.000000,0.000000,0.000000,0.000000,0.000000,0.000000,0.000000,0.000000
34.139999,30.699999,25.840000,22.299999,19.820000,19.480000,20.139999,19.820000,21.100000,21.400000,21.719999,21.100000,19.820000,19.139999,21.100000,20.459999,20.779999,20.459999,19.139999,12.000000,6.260000,8.080000,8.860000,10.860000,15.339999,14.480000,15.339999,17.719999,18.100000,20.459999,23.459999,24.000000,19.480000,20.139999,19.480000,14.480000,13.040000,8.860000,3.620000,0.000000,5.100000,9.559999,9.559999,10.860000,13.040000,14.920000,18.100000,22.299999,18.459999,17.719999,16.180000,16.180000,16.180000,15.339999,13.040000,11.440000,8.080000,7.240000,5.100000,6.260000,3.620000,3.620000,6.260000,5.100000,0.000000,5.100000,5.100000,3.620000,3.620000,0.000000,3.620000,3.620000,3.620000,0.000000,0.000000,0.000000,0.000000,0.000000,0.000000,0.000000,3.620000,3.620000,5.100000,6.260000,7.240000,8.080000,8.860000,8.080000,7.240000,6.260000,6.260000,6.260000,5.100000,5.100000,5.100000,3.620000,5.100000,3.620000,3.620000,3.620000,3.620000,3.620000,3.620000,3.620000,0.000000,3.620000,0.000000,0.000000,0.000000,0.000000,0.000000,0.000000,0.000000,0.000000,0.000000,0.000000,0.000000,0.000000,0.000000,0.000000,0.000000,0.000000,0.000000,0.000000,0.000000,0.000000,0.000000,0.000000
65.559998,53.939999,50.279999,46.360001,44.480000,39.480000,34.719997,30.920000,28.039999,24.820000,21.400000,15.780000,14.480000,17.359999,18.459999,18.459999,18.100000,17.719999,16.980000,16.980000,16.180000,16.580000,14.920000,13.540000,15.339999,10.219999,8.080000,9.559999,13.040000,13.040000,14.020000,15.339999,15.339999,15.780000,15.780000,16.980000,16.580000,18.799999,17.359999,13.540000,9.559999,6.260000,0.000000,0.000000,0.000000,0.000000,0.000000,3.620000,8.860000,10.860000,10.219999,10.860000,12.000000,10.860000,11.440000,8.080000,8.860000,8.860000,9.559999,10.860000,10.219999,8.860000,8.860000,6.260000,5.100000,5.100000,0.000000,0.000000,0.000000,0.000000,0.000000,0.000000,0.000000,3.620000,3.620000,5.100000,5.100000,3.620000,0.000000,0.000000,0.000000,0.000000,0.000000,0.000000,0.000000,0.000000,0.000000,0.000000,0.000000,0.000000,0.000000,0.000000,0.000000,0.000000,0.000000,0.000000,0.000000,0.000000,0.000000,0.000000,0.000000,0.000000,0.000000,0.000000,0.000000,0.000000,0.000000,0.000000,0.000000,0.000000,0.000000,0.000000,0.000000,0.000000,3.620000,0.000000,3.620000,0.000000,0.000000,0.000000,0.000000,0.000000,0.000000,0.000000,0.000000,3.620000,3.620000,3.620000
22.600000,12.000000,3.620000,5.100000,8.860000,11.440000,14.920000,18.100000,17.719999,16.180000,33.180000,81.580002,45.200001,57.119999,73.299995,52.320000,49.759998,45.919998,43.579998,33.959999,28.039999,26.340000,20.779999,15.780000,15.339999,14.480000,12.540000,13.540000,12.000000,14.480000,13.040000,13.540000,13.540000,12.540000,12.540000,12.540000,12.540000,11.440000,7.240000,5.100000,3.620000,5.100000,7.240000,10.860000,11.440000,10.219999,9.559999,12.000000,13.040000,12.000000,18.100000,17.719999,19.139999,13.040000,10.860000,7.240000,8.080000,9.559999,8.860000,8.860000,11.440000,12.540000,8.860000,9.559999,12.540000,16.580000,18.100000,17.719999,19.139999,20.459999,20.779999,18.100000,19.480000,15.339999,12.000000,9.559999,8.080000,8.080000,6.260000,5.100000,0.000000,0.000000,0.000000,3.620000,0.000000,0.000000,0.000000,3.620000,5.100000,0.000000,5.100000,3.620000,3.620000,3.620000,0.000000,3.620000,3.620000,0.000000,3.620000,0.000000,0.000000,0.000000,3.620000,3.620000,5.100000,5.100000,3.620000,3.620000,0.000000,0.000000,0.000000,0.000000,0.000000,0.000000,0.000000,0.000000,0.000000,0.000000,0.000000,0.000000,0.000000,0.000000,0.000000,0.000000,0.000000,0.000000,0.000000,0.000000
27.320000,26.340000,25.840000,25.080000,26.099998,25.340000,22.299999,22.879999,22.600000,22.600000,21.100000,22.020000,22.600000,23.740000,24.279999,24.539999,23.180000,20.139999,16.580000,13.040000,13.040000,13.040000,14.480000,14.020000,11.440000,10.219999,8.860000,8.080000,9.559999,7.240000,5.100000,5.100000,6.260000,8.080000,7.240000,7.240000,5.100000,5.100000,5.100000,7.240000,8.860000,10.219999,11.440000,12.540000,12.000000,13.540000,14.020000,13.040000,13.540000,14.020000,14.480000,13.540000,12.540000,12.000000,10.860000,12.000000,13.040000,12.000000,10.860000,11.440000,10.219999,11.440000,9.559999,8.860000,7.240000,5.100000,3.620000,0.000000,0.000000,0.000000,0.000000,5.100000,3.620000,3.620000,0.000000,0.000000,0.000000,0.000000,0.000000,3.620000,0.000000,3.620000,5.100000,5.100000,5.100000,6.260000,5.100000,5.100000,6.260000,7.240000,7.240000,6.260000,6.260000,5.100000,5.100000,3.620000,3.620000,3.620000,3.620000,0.000000,0.000000,0.000000,0.000000,0.000000,0.000000,0.000000,0.000000,0.000000,0.000000,0.000000,0.000000,0.000000,0.000000,0.000000,0.000000,0.000000,0.000000,0.000000,0.000000,0.000000,0.000000,0.000000,0.000000,0.000000,0.000000,0.000000,0.000000,0.000000
35.099998,46.919998,45.200001,130.580002,65.159996,98.739998,114.919998,108.000000,74.540001,56.439999,44.779999,38.639999,33.180000,29.179998,23.740000,23.180000,26.599998,27.080000,24.820000,25.080000,23.740000,21.400000,20.139999,18.799999,20.779999,19.480000,19.139999,18.799999,16.180000,7.240000,7.240000,8.080000,12.000000,15.339999,17.359999,14.020000,16.180000,16.980000,20.459999,23.459999,24.539999,19.820000,17.719999,16.980000,12.540000,10.860000,6.260000,5.100000,7.240000,8.080000,11.440000,14.920000,15.339999,14.920000,13.540000,15.780000,17.719999,16.180000,14.920000,16.580000,12.000000,13.540000,13.040000,13.540000,8.860000,13.040000,11.440000,13.040000,8.860000,12.540000,12.540000,10.219999,9.559999,8.860000,7.240000,6.260000,8.080000,6.260000,7.240000,8.080000,8.080000,6.260000,7.240000,9.559999,7.240000,6.260000,8.080000,7.240000,9.559999,8.080000,7.240000,5.100000,7.240000,7.240000,5.100000,3.620000,5.100000,5.100000,6.260000,3.620000,3.620000,0.000000,0.000000,0.000000,0.000000,0.000000,0.000000,0.000000,0.000000,0.000000,3.620000,5.100000,5.100000,3.620000,0.000000,0.000000,0.000000,0.000000,0.000000,0.000000,0.000000,0.000000,0.000000,0.000000,0.000000,0.000000,0.000000,0.000000
46.360001,39.139999,34.719997,31.559999,26.840000,28.500000,27.080000,28.260000,27.080000,27.799999,25.599998,23.740000,21.719999,20.779999,19.139999,17.719999,16.580000,17.719999,12.540000,10.219999,10.860000,13.040000,14.020000,14.020000,14.480000,16.180000,16.980000,20.139999,21.719999,24.000000,23.459999,26.340000,24.539999,24.000000,22.600000,20.139999,16.580000,12.000000,10.219999,8.860000,8.080000,8.860000,10.860000,12.000000,15.339999,17.359999,22.299999,24.820000,22.879999,19.480000,15.780000,12.540000,8.860000,3.620000,0.000000,0.000000,3.620000,9.559999,11.440000,12.000000,13.540000,12.000000,10.219999,7.240000,8.080000,10.219999,12.540000,12.000000,13.540000,12.540000,11.440000,11.440000,11.440000,8.860000,10.860000,8.080000,8.080000,8.080000,7.240000,5.100000,5.100000,3.620000,0.000000,0.000000,0.000000,0.000000,0.000000,0.000000,0.000000,0.000000,0.000000,0.000000,0.000000,0.000000,0.000000,0.000000,0.000000,0.000000,0.000000,0.000000,0.000000,0.000000,0.000000,0.000000,0.000000,0.000000,0.000000,0.000000,5.100000,6.260000,5.100000,5.100000,0.000000,0.000000,0.000000,0.000000,0.000000,0.000000,0.000000,3.620000,3.620000,0.000000,3.620000,0.000000,3.620000,0.000000,0.000000,0.000000
25.340000,26.340000,26.840000,27.080000,26.340000,25.840000,25.080000,25.340000,25.080000,24.820000,22.600000,21.400000,19.820000,10.860000,8.860000,12.540000,14.920000,17.359999,17.719999,16.180000,10.219999,14.920000,18.799999,23.180000,17.359999,22.600000,12.000000,10.219999,12.000000,9.559999,8.080000,6.260000,5.100000,0.000000,0.000000,0.000000,0.000000,5.100000,7.240000,10.860000,15.339999,16.980000,17.359999,17.359999,14.920000,14.480000,13.040000,13.540000,11.440000,8.080000,10.860000,7.240000,6.260000,6.260000,8.080000,3.620000,3.620000,9.559999,5.100000,5.100000,3.620000,3.620000,3.620000,0.000000,0.000000,0.000000,0.000000,0.000000,0.000000,0.000000,0.000000,0.000000,0.000000,0.000000,0.000000,0.000000,0.000000,0.000000,0.000000,0.000000,3.620000,5.100000,6.260000,7.240000,6.260000,5.100000,6.260000,8.080000,7.240000,3.620000,0.000000,0.000000,0.000000,5.100000,6.260000,7.240000,10.219999,12.000000,12.540000,11.440000,11.440000,10.860000,10.860000,13.040000,12.000000,11.440000,8.080000,5.100000,5.100000,6.260000,8.080000,8.860000,9.559999,9.559999,9.559999,8.860000,8.080000,6.260000,6.260000,7.240000,5.100000,0.000000,0.000000,0.000000,0.000000,3.620000,5.100000,6.260000
25.340000,20.779999,26.599998,31.139999,28.500000,28.039999,26.599998,27.320000,24.000000,23.740000,23.180000,22.600000,21.400000,21.719999,19.820000,18.799999,10.860000,10.860000,13.040000,16.980000,17.359999,14.480000,12.540000,13.040000,13.540000,16.180000,19.139999,16.980000,17.719999,12.540000,13.040000,10.860000,7.240000,6.260000,6.260000,6.260000,5.100000,5.100000,7.240000,3.620000,5.100000,5.100000,5.100000,7.240000,8.080000,9.559999,10.860000,9.559999,12.000000,12.540000,14.920000,14.480000,13.540000,14.020000,12.000000,11.440000,10.860000,10.860000,9.559999,8.080000,6.260000,5.100000,3.620000,3.620000,5.100000,6.260000,8.080000,5.100000,6.260000,7.240000,8.860000,10.219999,8.860000,6.260000,3.620000,3.620000,3.620000,0.000000,0.000000,0.000000,0.000000,0.000000,0.000000,0.000000,0.000000,0.000000,0.000000,3.620000,3.620000,0.000000,0.000000,3.620000,0.000000,0.000000,0.000000,0.000000,3.620000,3.620000,3.620000,3.620000,0.000000,0.000000,0.000000,0.000000,0.000000,0.000000,0.000000,0.000000,0.000000,3.620000,3.620000,3.620000,3.620000,3.620000,0.000000,0.000000,0.000000,0.000000,0.000000,0.000000,3.620000,3.620000,0.000000,0.000000,0.000000,0.000000,3.620000,5.100000
33.180000,27.559999,34.520000,32.180000,100.779999,69.059998,56.779999,49.099998,45.779999,49.099998,38.820000,33.959999,28.959999,26.599998,24.000000,21.400000,20.459999,24.279999,26.840000,26.599998,28.500000,27.559999,27.799999,23.180000,21.100000,19.480000,20.459999,20.459999,24.000000,20.779999,10.860000,8.080000,12.000000,10.219999,15.780000,13.540000,14.020000,14.480000,18.459999,20.139999,20.459999,23.740000,22.600000,18.799999,15.780000,9.559999,8.080000,6.260000,0.000000,0.000000,0.000000,0.000000,0.000000,0.000000,0.000000,5.100000,10.860000,14.020000,15.780000,17.719999,16.580000,15.339999,13.040000,10.860000,9.559999,8.080000,8.080000,8.080000,8.080000,8.860000,9.559999,10.219999,11.440000,12.540000,13.040000,13.040000,13.540000,13.540000,13.540000,13.540000,12.540000,12.540000,12.000000,10.860000,10.219999,8.080000,7.240000,6.260000,5.100000,5.100000,3.620000,0.000000,0.000000,0.000000,0.000000,3.620000,5.100000,8.080000,9.559999,8.860000,9.559999,8.080000,7.240000,8.080000,6.260000,5.100000,6.260000,7.240000,8.080000,7.240000,5.100000,5.100000,3.620000,3.620000,3.620000,5.100000,3.620000,0.000000,0.000000,0.000000,0.000000,0.000000,0.000000,0.000000,0.000000,0.000000,0.000000,0.000000
23.740000,20.459999,17.359999,14.480000,26.840000,27.799999,25.840000,25.840000,24.539999,24.820000,23.180000,26.099998,25.340000,25.599998,25.080000,21.719999,14.920000,14.020000,16.180000,22.879999,23.740000,21.100000,16.180000,13.540000,9.559999,11.440000,13.540000,10.860000,11.440000,12.540000,13.040000,9.559999,5.100000,5.100000,6.260000,5.100000,5.100000,7.240000,6.260000,5.100000,5.100000,5.100000,5.100000,3.620000,5.100000,6.260000,6.260000,7.240000,7.240000,6.260000,6.260000,7.240000,7.240000,8.860000,8.860000,7.240000,8.860000,9.559999,8.860000,9.559999,8.860000,8.860000,8.860000,9.559999,10.219999,8.860000,5.100000,3.620000,3.620000,3.620000,3.620000,0.000000,0.000000,3.620000,3.620000,3.620000,5.100000,8.860000,11.440000,14.480000,16.580000,16.980000,13.540000,10.860000,7.240000,3.620000,0.000000,0.000000,0.000000,0.000000,0.000000,0.000000,0.000000,0.000000,0.000000,0.000000,3.620000,3.620000,3.620000,5.100000,6.260000,6.260000,7.240000,8.080000,9.559999,8.860000,8.860000,8.080000,6.260000,5.100000,3.620000,3.620000,3.620000,0.000000,0.000000,0.000000,0.000000,0.000000,0.000000,0.000000,0.000000,0.000000,0.000000,0.000000,0.000000,0.000000,0.000000,0.000000
45.500000,109.320000,94.259995,81.659996,61.859997,50.279999,43.739998,36.020000,33.959999,29.400000,26.840000,27.559999,26.340000,28.959999,27.799999,26.099998,24.820000,22.879999,24.279999,22.879999,23.740000,23.180000,21.100000,22.020000,12.540000,14.020000,15.339999,12.000000,18.459999,17.359999,15.339999,16.980000,18.799999,20.779999,23.740000,23.740000,27.320000,21.400000,16.180000,12.540000,8.080000,7.240000,6.260000,5.100000,3.620000,3.620000,8.860000,8.080000,8.080000,10.219999,13.040000,14.020000,16.980000,18.459999,18.459999,17.359999,16.180000,15.780000,13.040000,12.540000,9.559999,10.219999,7.240000,6.260000,0.000000,0.000000,0.000000,0.000000,0.000000,0.000000,0.000000,0.000000,0.000000,0.000000,0.000000,0.000000,0.000000,0.000000,0.000000,3.620000,3.620000,3.620000,7.240000,10.860000,12.000000,14.480000,16.980000,17.719999,18.100000,18.459999,19.139999,18.459999,18.100000,16.580000,15.339999,14.480000,13.540000,11.440000,9.559999,8.080000,5.100000,3.620000,0.000000,0.000000,0.000000,0.000000,0.000000,0.000000,0.000000,0.000000,5.100000,8.080000,10.219999,12.540000,12.000000,10.219999,8.860000,6.260000,3.620000,0.000000,0.000000,0.000000,0.000000,0.000000,3.620000,6.260000,8.860000,9.559999
29.840000,28.260000,13.040000,3.620000,5.100000,10.219999,35.820000,20.779999,21.400000,25.840000,26.340000,16.580000,16.980000,20.779999,13.040000,8.860000,28.039999,52.079998,66.059998,65.959999,54.899998,56.199997,55.020000,45.200001,47.739998,44.779999,36.200001,35.459999,40.939999,52.699997,49.759998,48.160000,51.699997,58.919998,67.919998,77.299995,67.339996,61.959999,59.480000,46.779999,25.840000,20.779999,20.459999,36.559998,50.279999,50.419998,42.360001,34.139999,27.320000,15.780000,25.080000,28.039999,34.520000,34.139999,30.059999,25.340000,19.139999,20.139999,16.980000,14.920000,5.100000,0.000000,3.620000,0.000000,5.100000,10.860000,8.860000,7.240000,3.620000,8.080000,8.080000,3.620000,8.080000,3.620000,0.000000,5.100000,7.240000,5.100000,7.240000,10.219999,12.000000,14.020000,16.180000,17.719999,19.139999,20.779999,21.100000,21.400000,22.020000,21.719999,20.459999,19.139999,16.980000,15.339999,13.540000,12.000000,10.219999,8.860000,8.080000,7.240000,6.260000,5.100000,6.260000,5.100000,5.100000,3.620000,3.620000,3.620000,3.620000,3.620000,3.620000,0.000000,0.000000,0.000000,0.000000,0.000000,0.000000,0.000000,0.000000,0.000000,0.000000,3.620000,5.100000,5.100000,5.100000,3.620000,0.000000,0.000000
27.799999,46.200001,43.119999,43.579998,24.000000,13.540000,13.040000,14.920000,15.780000,72.939995,81.119995,68.199997,57.340000,61.219997,53.439999,52.820000,48.279999,46.500000,46.639999,32.579998,31.559999,37.439999,43.279999,40.139999,41.739998,42.820000,54.539997,63.219997,62.799999,61.859997,58.820000,55.259998,41.899998,26.599998,12.000000,11.440000,12.000000,16.180000,39.820000,41.579998,35.820000,32.980000,29.179998,24.539999,10.860000,15.780000,15.339999,24.820000,22.879999,20.139999,14.480000,13.540000,10.219999,5.100000,0.000000,0.000000,0.000000,0.000000,0.000000,0.000000,0.000000,0.000000,0.000000,0.000000,0.000000,0.000000,3.620000,3.620000,8.860000,10.219999,13.040000,7.240000,7.240000,7.240000,6.260000,5.100000,3.620000,0.000000,0.000000,3.620000,3.620000,6.260000,8.860000,9.559999,10.219999,11.440000,12.540000,12.540000,13.040000,14.020000,13.040000,13.540000,13.540000,13.040000,12.540000,12.540000,12.000000,11.440000,10.860000,10.860000,10.219999,8.860000,8.860000,8.080000,7.240000,6.260000,6.260000,5.100000,5.100000,3.620000,3.620000,3.620000,0.000000,0.000000,0.000000,0.000000,0.000000,0.000000,0.000000,0.000000,0.000000,0.000000,0.000000,0.000000,0.000000,0.000000,0.000000,0.000000
56.539997,50.279999,57.680000,52.699997,60.899998,53.699997,54.539997,48.840000,37.079998,20.779999,28.039999,33.959999,36.559998,38.980000,44.180000,51.439999,61.959999,50.279999,55.959999,50.680000,55.599998,41.579998,34.520000,16.180000,12.540000,12.000000,10.860000,42.360001,44.919998,35.820000,37.079998,29.179998,20.139999,9.559999,8.080000,15.780000,20.459999,21.719999,20.459999,18.459999,13.040000,10.219999,6.260000,0.000000,0.000000,5.100000,0.000000,3.620000,3.620000,3.620000,7.240000,9.559999,11.440000,13.040000,13.540000,12.540000,11.440000,9.559999,7.240000,3.620000,0.000000,0.000000,0.000000,0.000000,0.000000,0.000000,0.000000,3.620000,5.100000,6.260000,6.260000,8.080000,8.860000,9.559999,10.219999,10.219999,10.860000,10.860000,10.219999,8.860000,8.080000,8.080000,7.240000,6.260000,6.260000,5.100000,5.100000,5.100000,5.100000,5.100000,5.100000,5.100000,5.100000,5.100000,6.260000,6.260000,5.100000,5.100000,5.100000,5.100000,5.100000,5.100000,5.100000,5.100000,3.620000,3.620000,3.620000,3.620000,3.620000,0.000000,0.000000,0.000000,0.000000,0.000000,0.000000,0.000000,0.000000,0.000000,0.000000,0.000000,0.000000,0.000000,0.000000,0.000000,0.000000,0.000000,0.000000,3.620000
32.180000,29.179998,20.139999,20.779999,25.599998,28.719999,30.699999,32.180000,36.200001,40.299999,48.419998,45.200001,38.139999,41.259998,36.380001,33.959999,25.599998,17.719999,11.440000,10.860000,12.000000,22.299999,31.760000,27.320000,25.340000,20.779999,19.480000,10.219999,15.780000,14.020000,8.860000,7.240000,6.260000,5.100000,5.100000,3.620000,3.620000,0.000000,5.100000,8.860000,14.020000,8.080000,0.000000,0.000000,5.100000,6.260000,7.240000,7.240000,5.100000,3.620000,0.000000,0.000000,3.620000,3.620000,5.100000,3.620000,7.240000,0.000000,3.620000,0.000000,3.620000,6.260000,0.000000,5.100000,3.620000,5.100000,6.260000,8.860000,8.860000,10.219999,9.559999,10.219999,12.000000,13.040000,13.040000,12.540000,12.000000,10.860000,9.559999,8.080000,8.080000,7.240000,5.100000,5.100000,5.100000,5.100000,3.620000,3.620000,3.620000,0.000000,0.000000,0.000000,0.000000,0.000000,0.000000,0.000000,0.000000,0.000000,0.000000,0.000000,0.000000,0.000000,0.000000,0.000000,0.000000,0.000000,0.000000,0.000000,0.000000,0.000000,0.000000,0.000000,0.000000,0.000000,0.000000,0.000000,0.000000,0.000000,0.000000,0.000000,0.000000,0.000000,0.000000,0.000000,0.000000,0.000000,0.000000,0.000000
62.480000,44.619999,35.099998,43.879997,46.639999,51.320000,55.840000,57.459999,61.859997,63.939999,50.160000,52.459999,53.439999,49.360001,42.520000,26.599998,15.780000,16.180000,19.139999,32.579998,48.559998,45.919998,40.459999,35.099998,31.139999,27.559999,26.840000,26.840000,21.100000,16.180000,13.040000,13.040000,15.780000,21.719999,13.040000,6.260000,3.620000,0.000000,5.100000,7.240000,5.100000,0.000000,0.000000,0.000000,3.620000,5.100000,5.100000,3.620000,3.620000,5.100000,3.620000,5.100000,5.100000,6.260000,6.260000,3.620000,0.000000,0.000000,3.620000,6.260000,10.219999,8.860000,7.240000,7.240000,6.260000,3.620000,0.000000,0.000000,5.100000,6.260000,6.260000,8.080000,9.559999,10.860000,12.000000,13.040000,13.540000,13.540000,14.480000,14.920000,14.480000,14.020000,13.040000,12.000000,10.219999,9.559999,8.860000,8.080000,7.240000,6.260000,5.100000,3.620000,3.620000,3.620000,0.000000,0.000000,0.000000,0.000000,0.000000,0.000000,0.000000,0.000000,0.000000,0.000000,0.000000,0.000000,0.000000,0.000000,3.620000,3.620000,3.620000,0.000000,0.000000,0.000000,0.000000,3.620000,3.620000,3.620000,0.000000,0.000000,0.000000,0.000000,0.000000,0.000000,0.000000,0.000000,0.000000,0.000000
62.799999,45.500000,56.539997,51.699997,44.919998,46.779999,51.840000,66.059998,77.720001,77.299995,69.339996,79.400002,76.619995,67.720001,62.699997,61.539997,37.959999,35.099998,59.259998,62.480000,68.019997,53.079998,46.200001,42.360001,36.200001,28.719999,22.879999,31.760000,30.920000,25.080000,27.320000,21.100000,26.340000,15.339999,17.359999,16.180000,12.000000,3.620000,10.219999,7.240000,8.080000,8.080000,7.240000,5.100000,5.100000,5.100000,6.260000,8.860000,10.219999,8.860000,0.000000,5.100000,8.080000,8.080000,6.260000,5.100000,3.620000,0.000000,3.620000,5.100000,6.260000,8.080000,8.860000,8.860000,9.559999,9.559999,10.219999,10.860000,12.000000,12.540000,13.540000,14.920000,16.180000,16.580000,17.359999,18.100000,18.100000,17.719999,17.719999,16.580000,15.339999,14.920000,14.020000,13.040000,12.540000,12.000000,11.440000,10.860000,10.860000,10.219999,8.860000,8.080000,8.080000,7.240000,6.260000,5.100000,5.100000,3.620000,3.620000,0.000000,0.000000,0.000000,0.000000,0.000000,0.000000,0.000000,0.000000,0.000000,0.000000,0.000000,0.000000,0.000000,0.000000,0.000000,0.000000,0.000000,0.000000,0.000000,3.620000,3.620000,3.620000,5.100000,6.260000,6.260000,6.260000,5.100000,3.620000,3.620000
65.959999,60.239998,64.139999,54.180000,54.180000,52.079998,46.500000,45.340000,44.180000,44.619999,42.059998,47.480000,56.320000,72.139999,64.040001,61.419998,69.159996,68.400002,68.199997,51.579998,44.180000,25.599998,19.820000,21.400000,28.959999,44.779999,49.360001,39.980000,35.820000,30.500000,25.599998,16.980000,32.980000,29.840000,36.559998,24.820000,18.100000,16.180000,10.860000,8.860000,7.240000,6.260000,7.240000,6.260000,3.620000,7.240000,6.260000,6.260000,3.620000,3.620000,3.620000,6.260000,6.260000,7.240000,7.240000,13.540000,6.260000,8.860000,8.860000,5.100000,3.620000,3.620000,3.620000,8.080000,12.540000,16.580000,18.100000,18.100000,19.480000,20.459999,20.459999,20.139999,18.799999,17.719999,16.980000,16.580000,15.339999,14.020000,14.480000,14.020000,12.540000,10.860000,9.559999,8.860000,8.860000,8.860000,8.080000,7.240000,7.240000,7.240000,6.260000,6.260000,6.260000,5.100000,3.620000,3.620000,0.000000,0.000000,0.000000,0.000000,0.000000,0.000000,0.000000,0.000000,0.000000,0.000000,0.000000,0.000000,0.000000,3.620000,3.620000,3.620000,3.620000,3.620000,0.000000,0.000000,0.000000,0.000000,0.000000,0.000000,0.000000,0.000000,0.000000,0.000000,0.000000,0.000000,0.000000,0.000000
109.320000,46.500000,28.500000,159.080002,256.320007,97.599998,88.959999,77.720001,79.400002,70.479996,76.180000,64.040001,63.520000,42.820000,39.980000,65.860001,56.320000,52.699997,54.299999,58.599998,67.040001,81.040001,67.439995,77.639999,73.299995,88.599998,82.540001,85.739998,48.700001,28.260000,18.799999,30.279999,77.799995,82.220001,65.959999,53.820000,48.020000,44.919998,51.959999,72.939995,44.480000,37.799999,32.779999,22.299999,21.100000,23.180000,12.540000,16.980000,12.000000,8.080000,7.240000,3.620000,3.620000,0.000000,0.000000,0.000000,3.620000,3.620000,3.620000,0.000000,0.000000,3.620000,6.260000,8.080000,8.860000,8.860000,8.080000,8.080000,8.860000,10.219999,11.440000,13.040000,14.920000,16.180000,16.580000,16.580000,15.780000,14.480000,14.020000,12.540000,9.559999,8.080000,7.240000,5.100000,6.260000,7.240000,7.240000,7.240000,7.240000,8.860000,7.240000,6.260000,8.080000,9.559999,7.240000,6.260000,7.240000,8.080000,9.559999,11.440000,12.540000,12.000000,10.219999,8.860000,7.240000,7.240000,8.080000,7.240000,5.100000,5.100000,5.100000,3.620000,3.620000,0.000000,0.000000,0.000000,0.000000,0.000000,0.000000,0.000000,0.000000,0.000000,0.000000,0.000000,0.000000,0.000000,0.000000,0.000000
257.579987,212.339996,196.559998,166.759995,148.539993,137.119995,123.079994,108.000000,84.959999,64.040001,60.899998,60.680000,65.860001,79.479996,98.739998,86.639999,91.360001,81.040001,92.139999,69.540001,67.239998,39.139999,25.840000,24.000000,45.500000,63.419998,71.299995,66.360001,61.739998,61.959999,68.019997,65.860001,87.699997,101.500000,81.040001,67.040001,59.579998,48.020000,45.639999,38.820000,36.200001,33.759998,35.639999,33.180000,31.760000,30.279999,30.279999,28.039999,26.099998,25.340000,25.599998,26.099998,24.820000,25.080000,28.719999,22.879999,17.719999,16.180000,18.100000,19.480000,19.139999,20.459999,22.600000,23.180000,23.459999,23.740000,23.740000,24.000000,24.000000,23.740000,24.279999,25.599998,27.320000,28.719999,30.500000,33.180000,36.739998,38.639999,39.320000,39.820000,40.139999,39.480000,37.959999,35.639999,33.360001,31.959999,30.059999,27.559999,26.099998,25.599998,25.080000,24.279999,23.459999,22.020000,20.459999,18.799999,16.580000,14.920000,13.040000,11.440000,8.860000,7.240000,5.100000,5.100000,5.100000,6.260000,8.860000,9.559999,9.559999,9.559999,8.860000,8.860000,8.080000,8.080000,8.080000,8.860000,8.080000,6.260000,5.100000,3.620000,3.620000,3.620000,5.100000,3.620000,3.620000,0.000000,0.000000,3.620000
149.000000,40.299999,47.200001,191.459991,231.839996,157.199997,121.919998,104.919998,112.159996,94.599998,96.180000,84.959999,102.899994,63.520000,132.220001,90.699997,84.820000,54.899998,60.020000,66.540001,81.820000,80.459999,77.059998,71.479996,81.339996,74.799995,74.720001,65.059998,54.299999,31.760000,23.180000,38.820000,59.919998,64.360001,64.540001,56.079998,53.439999,48.840000,40.939999,78.900002,90.059998,57.239998,49.759998,43.119999,41.259998,35.639999,31.340000,16.580000,9.559999,24.279999,27.320000,11.440000,5.100000,7.240000,8.080000,3.620000,5.100000,3.620000,0.000000,6.260000,12.540000,15.339999,13.540000,9.559999,5.100000,0.000000,0.000000,5.100000,8.860000,11.440000,12.000000,12.540000,12.000000,9.559999,6.260000,6.260000,9.559999,10.860000,12.000000,13.040000,13.040000,12.000000,12.540000,12.540000,13.040000,14.020000,14.480000,14.920000,14.920000,14.480000,14.020000,14.020000,14.480000,14.920000,14.920000,14.480000,14.920000,14.020000,13.040000,12.540000,9.559999,6.260000,5.100000,5.100000,6.260000,6.260000,7.240000,6.260000,3.620000,3.620000,0.000000,0.000000,0.000000,3.620000,5.100000,3.620000,0.000000,0.000000,0.000000,0.000000,0.000000,0.000000,0.000000,0.000000,0.000000,0.000000,0.000000,3.620000
193.759995,134.000000,114.639999,118.459999,103.599998,97.199997,79.059998,73.299995,40.139999,31.559999,45.779999,52.320000,52.820000,50.799999,53.939999,61.539997,77.720001,71.839996,70.839996,68.680000,74.979996,60.459999,59.699997,39.820000,17.719999,16.180000,18.799999,20.139999,59.799999,59.359997,57.919998,52.320000,45.500000,40.139999,31.559999,23.180000,20.139999,20.459999,20.459999,20.779999,18.100000,16.180000,8.860000,8.860000,8.080000,8.860000,6.260000,9.559999,8.080000,5.100000,8.080000,0.000000,3.620000,5.100000,0.000000,0.000000,6.260000,9.559999,12.540000,13.040000,13.040000,13.040000,13.040000,12.540000,12.000000,12.000000,10.860000,8.080000,5.100000,0.000000,0.000000,3.620000,6.260000,8.860000,10.860000,13.540000,15.780000,17.359999,18.799999,19.480000,18.799999,18.100000,17.359999,16.980000,15.780000,14.920000,13.540000,12.000000,10.219999,8.080000,7.240000,6.260000,5.100000,3.620000,0.000000,0.000000,0.000000,0.000000,0.000000,0.000000,0.000000,0.000000,0.000000,0.000000,0.000000,0.000000,0.000000,0.000000,0.000000,0.000000,0.000000,0.000000,0.000000,0.000000,0.000000,0.000000,0.000000,0.000000,0.000000,0.000000,0.000000,0.000000,0.000000,0.000000,0.000000,0.000000,0.000000,0.000000
82.779999,73.580002,71.299995,67.040001,71.040001,62.279999,54.660000,68.779999,68.199997,68.599998,63.119999,68.979996,72.760002,97.339996,101.619995,92.000000,77.400002,83.580002,65.459999,67.919998,40.779999,20.459999,17.359999,19.480000,23.740000,64.860001,61.219997,53.199997,50.799999,45.200001,43.439999,24.820000,20.139999,17.359999,17.719999,15.780000,14.480000,10.860000,8.860000,7.240000,5.100000,6.260000,10.219999,10.860000,10.219999,10.219999,10.219999,7.240000,6.260000,5.100000,0.000000,0.000000,0.000000,0.000000,0.000000,0.000000,0.000000,0.000000,0.000000,0.000000,3.620000,5.100000,5.100000,6.260000,6.260000,6.260000,6.260000,7.240000,8.080000,8.860000,9.559999,8.860000,8.860000,8.080000,7.240000,7.240000,6.260000,6.260000,7.240000,7.240000,8.080000,8.080000,9.559999,10.219999,9.559999,8.860000,8.080000,7.240000,6.260000,6.260000,6.260000,6.260000,6.260000,6.260000,6.260000,5.100000,5.100000,5.100000,3.620000,3.620000,3.620000,0.000000,0.000000,0.000000,0.000000,0.000000,0.000000,0.000000,0.000000,0.000000,0.000000,0.000000,0.000000,0.000000,0.000000,0.000000,0.000000,0.000000,0.000000,0.000000,0.000000,0.000000,0.000000,0.000000,0.000000,3.620000,3.620000,3.620000
25.340000,26.340000,27.799999,31.340000,22.299999,17.719999,20.459999,18.799999,41.579998,149.800003,124.099998,94.540001,100.519997,91.000000,98.079994,84.580002,88.239998,57.799999,25.599998,63.939999,55.259998,61.539997,63.619999,71.119995,91.720001,103.739998,103.599998,82.779999,76.279999,72.139999,58.039997,24.279999,19.820000,22.020000,22.600000,67.040001,76.180000,69.260002,59.579998,54.779999,45.200001,58.480000,75.500000,75.500000,29.400000,33.180000,33.180000,35.820000,32.180000,19.480000,5.100000,6.260000,10.219999,3.620000,10.219999,7.240000,0.000000,8.080000,10.219999,10.219999,9.559999,9.559999,7.240000,6.260000,8.080000,5.100000,6.260000,7.240000,9.559999,9.559999,8.860000,5.100000,0.000000,0.000000,0.000000,3.620000,3.620000,0.000000,0.000000,8.860000,15.339999,20.139999,24.000000,24.279999,21.719999,19.139999,18.100000,18.100000,18.100000,18.799999,19.820000,20.139999,20.779999,21.719999,21.719999,22.020000,22.299999,22.299999,21.719999,21.100000,20.779999,19.480000,18.100000,16.980000,16.180000,14.920000,13.540000,12.540000,11.440000,10.860000,10.219999,8.860000,7.240000,7.240000,6.260000,5.100000,5.100000,5.100000,3.620000,0.000000,0.000000,0.000000,0.000000,0.000000,0.000000,0.000000,0.000000,0.000000
